Iteration,A,E,AW,EW,Objective,Best Objective
1,12.099,151217.438,10.623,89502.783,1.390710,1.390710
